joint,rmse_deg
shoulder_pan,2.269623324386973
shoulder_lift,1.3000309917956758
elbow_flex,2.369013827743572
wrist_flex,0.8351924567781308
wrist_roll,0.39632772519798937
